<xml xmlns="http://www.w3.org/1999/xhtml"><block type="controls_whileUntil" inline="false" x="112" y="-469"><title name="MODE">WHILE</title><comment pinned="true" h="80" w="160">User South button</comment><value name="BOOL"><block type="logic_boolean"><title name="BOOL">TRUE</title></block></value><statement name="DO"><block type="scoped_wait" inline="false"><value name="WAIT-FOR"><block type="bp_event_BtnSouth"></block></value><next><block type="bp_breakupon" inline="false"><statement name="code"><block type="scoped_request" inline="false"><value name="REQUEST"><block type="bp_event_RocketSouth"></block></value></block></statement><value name="events"><block type="bp_event_StopBtnS"></block></value></block></next></block></statement></block><block type="controls_whileUntil" inline="false" x="-149" y="-467"><title name="MODE">WHILE</title><comment pinned="true" h="80" w="160">User North button</comment><value name="BOOL"><block type="logic_boolean"><title name="BOOL">TRUE</title></block></value><statement name="DO"><block type="scoped_wait" inline="false"><value name="WAIT-FOR"><block type="bp_event_BtnNorth"></block></value><next><block type="bp_breakupon" inline="false"><statement name="code"><block type="scoped_request" inline="false"><value name="REQUEST"><block type="bp_event_RocketNorth"></block></value></block></statement><value name="events"><block type="bp_event_StopBtnN"></block></value></block></next></block></statement></block><block type="controls_whileUntil" inline="false" x="-351" y="-340"><title name="MODE">WHILE</title><comment pinned="true" h="80" w="160">User East button</comment><value name="BOOL"><block type="logic_boolean"><title name="BOOL">TRUE</title></block></value><statement name="DO"><block type="scoped_wait" inline="false"><value name="WAIT-FOR"><block type="bp_event_BtnEast"></block></value><next><block type="bp_breakupon" inline="false"><statement name="code"><block type="scoped_request" inline="false"><value name="REQUEST"><block type="bp_event_RocketEast"></block></value></block></statement><value name="events"><block type="bp_event_StopBtnE"></block></value></block></next></block></statement></block><block type="controls_whileUntil" inline="false" x="167" y="-243"><title name="MODE">WHILE</title><comment pinned="true" h="80" w="160">User West button</comment><value name="BOOL"><block type="logic_boolean"><title name="BOOL">TRUE</title></block></value><statement name="DO"><block type="scoped_wait" inline="false"><value name="WAIT-FOR"><block type="bp_event_BtnWest"></block></value><next><block type="bp_breakupon" inline="false"><statement name="code"><block type="scoped_request" inline="false"><value name="REQUEST"><block type="bp_event_RocketWest"></block></value></block></statement><value name="events"><block type="bp_event_StopBtnW"></block></value></block></next></block></statement></block><block type="controls_whileUntil" inline="false" x="-343" y="-105"><title name="MODE">WHILE</title><comment pinned="true" h="80" w="160">UP</comment><value name="BOOL"><block type="logic_boolean"><title name="BOOL">TRUE</title></block></value><statement name="DO"><block type="scoped_wait" inline="false"><value name="WAIT-FOR"><block type="bp_event_BtnUp"></block></value><next><block type="bp_dowhileblocking" inline="false"><value name="events"><block type="bp_event_RocketDown"></block></value><statement name="code"><block type="scoped_wait" inline="false"><value name="WAIT-FOR"><block type="bp_event_TimeTick"></block></value><next><block type="scoped_wait" inline="false"><value name="WAIT-FOR"><block type="bp_event_TimeTick"></block></value></block></next></block></statement></block></next></block></statement></block><block type="controls_whileUntil" inline="false" x="48" y="102"><title name="MODE">WHILE</title><comment pinned="true" h="80" w="160">Gravity</comment><value name="BOOL"><block type="logic_boolean"><title name="BOOL">TRUE</title></block></value><statement name="DO"><block type="scoped_wait" inline="false"><value name="WAIT-FOR"><block type="bp_event_TimeTick"></block></value><next><block type="bp_breakupon" inline="false"><statement name="code"><block type="scoped_request" inline="false"><value name="REQUEST"><block type="bp_event_RocketDown"></block></value></block></statement><value name="events"><block type="bp_event_TimeTick"></block></value></block></next></block></statement></block><block type="controls_repeat" x="-296" y="166"><title name="TIMES">10</title><comment pinned="true" h="80" w="160">PAD planned movements</comment><statement name="DO"><block type="bp_breakupon" inline="false"><statement name="code"><block type="scoped_request" inline="false"><value name="REQUEST"><block type="bp_event_PadNorth"></block></value><next><block type="scoped_wait" inline="false"><value name="WAIT-FOR"><block type="bp_event_TimeTick"></block></value><next><block type="scoped_request" inline="false"><value name="REQUEST"><block type="bp_event_PadSouth"></block></value><next><block type="scoped_wait" inline="false"><value name="WAIT-FOR"><block type="bp_event_TimeTick"></block></value><next><block type="scoped_request" inline="false"><value name="REQUEST"><block type="bp_event_PadEast"></block></value><next><block type="scoped_wait" inline="false"><value name="WAIT-FOR"><block type="bp_event_TimeTick"></block></value><next><block type="scoped_request" inline="false"><value name="REQUEST"><block type="bp_event_PadWest"></block></value><next><block type="scoped_wait" inline="false"><value name="WAIT-FOR"><block type="bp_event_TimeTick"></block></value></block></next></block></next></block></next></block></next></block></next></block></next></block></next></block></statement><value name="events"><block type="bp_event_GameOver"></block></value></block></statement></block><block type="controls_whileUntil" inline="false" x="43" y="488"><title name="MODE">WHILE</title><comment pinned="true" h="80" w="160">South wall</comment><value name="BOOL"><block type="logic_boolean"><title name="BOOL">TRUE</title></block></value><statement name="DO"><block type="scoped_wait" inline="false"><value name="WAIT-FOR"><block type="bp_event_RocketTouchedSouthWall"></block></value><next><block type="bp_dowhileblocking" inline="false"><value name="events"><block type="bp_event_RocketSouth"></block></value><statement name="code"><block type="scoped_wait" inline="false"><value name="WAIT-FOR"><block type="bp_event_RocketAwayFromSouthWall"></block></value></block></statement></block></next></block></statement></block><block type="controls_whileUntil" inline="false" x="-338" y="499"><title name="MODE">WHILE</title><comment pinned="true" h="80" w="160">North wall</comment><value name="BOOL"><block type="logic_boolean"><title name="BOOL">TRUE</title></block></value><statement name="DO"><block type="scoped_wait" inline="false"><value name="WAIT-FOR"><block type="bp_event_RocketTouchedNorthWall"></block></value><next><block type="bp_dowhileblocking" inline="false"><value name="events"><block type="bp_event_RocketNorth"></block></value><statement name="code"><block type="scoped_wait" inline="false"><value name="WAIT-FOR"><block type="bp_event_RocketAwayFromNorthWall"></block></value></block></statement></block></next></block></statement></block><block type="controls_whileUntil" inline="false" x="-346" y="641"><title name="MODE">WHILE</title><comment pinned="true" h="80" w="160">East wall</comment><value name="BOOL"><block type="logic_boolean"><title name="BOOL">TRUE</title></block></value><statement name="DO"><block type="scoped_wait" inline="false"><value name="WAIT-FOR"><block type="bp_event_RocketTouchedEastWall"></block></value><next><block type="bp_dowhileblocking" inline="false"><value name="events"><block type="bp_event_RocketEast"></block></value><statement name="code"><block type="scoped_wait" inline="false"><value name="WAIT-FOR"><block type="bp_event_RocketAwayFromEastWall"></block></value></block></statement></block></next></block></statement></block><block type="controls_whileUntil" inline="false" x="18" y="686"><title name="MODE">WHILE</title><value name="BOOL"><block type="logic_boolean"><title name="BOOL">TRUE</title></block></value><statement name="DO"><block type="scoped_wait" inline="false"><value name="WAIT-FOR"><block type="lists_create_with" inline="false"><mutation items="3"></mutation><value name="ADD0"><block type="bp_event_BtnSouth"></block></value><value name="ADD1"><block type="bp_event_TimeTick"></block></value></block></value><next><block type="scoped_request" inline="false"><value name="REQUEST"><block type="bp_event_StopBtnN"></block></value></block></next></block></statement></block><block type="controls_whileUntil" inline="false" x="-363" y="782"><title name="MODE">WHILE</title><comment pinned="true" h="80" w="160">West wall</comment><value name="BOOL"><block type="logic_boolean"><title name="BOOL">TRUE</title></block></value><statement name="DO"><block type="scoped_wait" inline="false"><value name="WAIT-FOR"><block type="bp_event_RocketTouchedWestWall"></block></value><next><block type="bp_dowhileblocking" inline="false"><value name="events"><block type="bp_event_RocketWest"></block></value><statement name="code"><block type="scoped_wait" inline="false"><value name="WAIT-FOR"><block type="bp_event_RocketAwayFromWestWall"></block></value></block></statement></block></next></block></statement></block><block type="controls_whileUntil" inline="false" x="-26" y="841"><title name="MODE">WHILE</title><value name="BOOL"><block type="logic_boolean"><title name="BOOL">TRUE</title></block></value><statement name="DO"><block type="scoped_wait" inline="false"><value name="WAIT-FOR"><block type="lists_create_with" inline="false"><mutation items="3"></mutation><value name="ADD0"><block type="bp_event_BtnNorth"></block></value><value name="ADD1"><block type="bp_event_TimeTick"></block></value></block></value><next><block type="scoped_request" inline="false"><value name="REQUEST"><block type="bp_event_StopBtnS"></block></value></block></next></block></statement></block><block type="controls_whileUntil" inline="false" x="-24" y="997"><title name="MODE">WHILE</title><value name="BOOL"><block type="logic_boolean"><title name="BOOL">TRUE</title></block></value><statement name="DO"><block type="scoped_wait" inline="false"><value name="WAIT-FOR"><block type="lists_create_with" inline="false"><mutation items="3"></mutation><value name="ADD0"><block type="bp_event_BtnWest"></block></value><value name="ADD1"><block type="bp_event_TimeTick"></block></value></block></value><next><block type="scoped_request" inline="false"><value name="REQUEST"><block type="bp_event_StopBtnE"></block></value></block></next></block></statement></block><block type="controls_whileUntil" inline="false" x="-23" y="1154"><title name="MODE">WHILE</title><value name="BOOL"><block type="logic_boolean"><title name="BOOL">TRUE</title></block></value><statement name="DO"><block type="scoped_wait" inline="false"><value name="WAIT-FOR"><block type="lists_create_with" inline="false"><mutation items="3"></mutation><value name="ADD0"><block type="bp_event_BtnEast"></block></value><value name="ADD1"><block type="bp_event_TimeTick"></block></value></block></value><next><block type="scoped_request" inline="false"><value name="REQUEST"><block type="bp_event_StopBtnW"></block></value></block></next></block></statement></block><block type="scoped_wait" inline="false" x="-144" y="1330"><value name="WAIT-FOR"><block type="bp_event_TouchDown"></block></value><next><block type="scoped_request" inline="false"><value name="REQUEST"><block type="bp_event_DisplayWin"></block></value><next><block type="scoped_request" inline="false"><value name="REQUEST"><block type="bp_event_GameOver"></block></value></block></next></block></next></block><block type="scoped_wait" inline="false" x="-44" y="1468"><value name="WAIT-FOR"><block type="bp_event_Missed"></block></value><next><block type="scoped_request" inline="false"><value name="REQUEST"><block type="bp_event_DisplayLose"></block></value><next><block type="scoped_request" inline="false"><value name="REQUEST"><block type="bp_event_GameOver"></block></value></block></next></block></next></block><htmltext>//<!--<br/>

<script src="lib/Three/threeRev54.js"></script> 
<script src="lib/Three/Detector.js"></script> 
<script src="lib/Three/ColladaLoader.js"></script>
<script src="lib/Three/TrackballControls.js"></script>

<script type=text/javascript;version=1.7>

	var mytime=0;
	var tickdelay = 2000;
	
	var step=10;

	var padX=0,					padY=0;				padZ=10;
	var padWidth=40, 			padHeight=20;

	var rocket, landingBox;
	var rocketX=0,				rocketY=0,		rocketZ=110;
	var rocketWidth=40,			rocketHeight=10;

	var northWall=125,			eastWall=125, 		southWall=-125, 	westWall=-125; 
	
	var wallThickness=10,		wallWidth=240, 		wallHeight=240;

	//triggerNextTimeTick
	function triggerNextTimeTick() { 
	   setTimeout('bp.event("TimeTick");',tickdelay);
	}

	//trigger
	function trigger(exEvent) { 
	   setTimeout('bp.event("'+exEvent+'")',0);
	}

	var renderer=null, scene, camera;  
	var SCREEN_WIDTH, SCREEN_HEIGHT;	
	var container, controls; 
	
	init();				// initialization
	addActuators();
	//animate();			// animation loop / game loop
	
	//init
	function init() 
	{
		//Scene
		scene = new THREE.Scene();
		
		//Camera
		var SCREEN_WIDTH = window.innerWidth, SCREEN_HEIGHT = window.innerHeight;	
		var VIEW_ANGLE = 45, ASPECT = SCREEN_WIDTH / SCREEN_HEIGHT, NEAR = 0.1, FAR = 20000;
		camera = new THREE.PerspectiveCamera( VIEW_ANGLE, ASPECT, NEAR, FAR);
		scene.add(camera);
		camera.position.set(0,-800,400);
		camera.lookAt(scene.position);	

		//Renderer
		renderer = new THREE.WebGLRenderer( {antialias:true} );
		renderer.setSize(SCREEN_WIDTH-20, SCREEN_HEIGHT-20);
		//Div
		container = document.createElement( 'div' );
		document.body.appendChild( container );
		container.appendChild( renderer.domElement );
		
		//Light
		pointLight =  new THREE.PointLight(0xFFFFFF);
		pointLight.position.set(1000,-1000,1000); 
		scene.add(pointLight);
		
		//Images
		var wallTexture = THREE.ImageUtils.loadTexture('images/wall.jpg');
		var grassTexture = THREE.ImageUtils.loadTexture('images/grass.jpg');
		var fireTexture = THREE.ImageUtils.loadTexture('images/fire.jpg');
		var landingTexture = THREE.ImageUtils.loadTexture('images/landingImage.jpg');
		
		//Floor
		//var floorTexture = new THREE.ImageUtils.loadTexture( 'images/humanTissue.jpg' );
		//var floorMaterial = new THREE.MeshBasicMaterial( { color: 0x8b4513 } );
		var floorMaterial = new THREE.MeshBasicMaterial( {map: fireTexture} )
		var floorGeometry = new THREE.CubeGeometry(3000, 3000, 2);
		
		var floor = new THREE.Mesh(floorGeometry, floorMaterial);
		floor.side = THREE.DoubleSide ;
		scene.add(floor);
		
		//Sky
		var skyBoxGeometry = new THREE.CubeGeometry( 3000, 3000, 10000 );
		var skyBoxMaterial = new THREE.MeshBasicMaterial( { color: 0x9999ff } );
		skyBoxMaterial.side = THREE.DoubleSide;

		var skyBox = new THREE.Mesh( skyBoxGeometry, skyBoxMaterial );
		scene.add(skyBox);   
		scene.fog = new THREE.FogExp2( 0x9999ff, 0.00025 );

		//////////////			move mouse and: left   click (or hold 'A') to rotate, 
		// CONTROLS //      	middle click (or hold 'S') to zoom, 
		//////////////        	right  click (or hold 'D') to pan
		controls = new THREE.TrackballControls( camera );


		//===============
		//= Application =
		//===============
		
		//landingBox
   		landingBox =  new THREE.Mesh(
			new THREE.CubeGeometry( padWidth, padWidth, padHeight ),
			//new THREE.MeshLambertMaterial( { color: 0x0000FF } )
			new THREE.MeshBasicMaterial( {map: landingTexture} )
		);
 		landingBox.position.x = padX;
		landingBox.position.z = padZ;
		scene.add( landingBox ); 

		//westWall
		var westWallObj =  new THREE.Mesh(
			new THREE.CubeGeometry( wallThickness, wallWidth, wallHeight ),
			new THREE.MeshBasicMaterial( {map: wallTexture} )
		);
		westWallObj.position.set(westWall, 0, 100);
		scene.add( westWallObj ); 

 		//eastWallObj
		var eastWallObj =  new THREE.Mesh(
			new THREE.CubeGeometry( wallThickness, wallWidth, wallHeight ),
			new THREE.MeshBasicMaterial( {map: wallTexture} )
		);
		eastWallObj.position.set(eastWall,0,100);
		scene.add( eastWallObj ); 
		
		//northWallObj
		var northWallObj =  new THREE.Mesh(
			new THREE.CubeGeometry( wallWidth, wallThickness, wallHeight ),
			new THREE.MeshBasicMaterial( {map: wallTexture} )
		);
		northWallObj.position.set(0, northWall, 100);
		scene.add( northWallObj ); 

		//southWallObj
		var southWallObj =  new THREE.Mesh(
			new THREE.CubeGeometry( wallWidth, wallThickness, wallHeight ),
			new THREE.MeshBasicMaterial( {map: wallTexture, transparent: true, opacity:0.3} )
		);
		southWallObj.position.set(0, southWall ,100);
		southWallObj.side = THREE.DoubleSide ;
		scene.add( southWallObj ); 
		
		var loader = new THREE.ColladaLoader(); 
		
		loader.load('images/rocket4.dae', function ( collada ) 
		{
		    // Grab the collada scene data:
		    rocketDae = collada.scene;
		 
		    // No skin applied to my model so no need for the following:
		    // var skin = collada.skins[ 0 ];
		 
		    // Scale-up the model so that we can see it:
		    rocketDae.scale.x = rocketDae.scale.y = 0.06;
		    rocketDae.scale.z = 0.03;
		    
		    //rocketDae.position.set(-50,-100,-70);
		    rocketDae.position.set(3,0,0);
		    
		    rocket = rocketDae;
			rocket.position.x = rocketX;
			rocket.position.y = rocketY;
			rocket.position.z = rocketZ;
		    
		    //rocketDae.rotation.z = deg(180);
		    
			scene.add(rocket);
			daeLoaded = true;
			
			animate();

	  	});


		render();	//render scene
	}

	//animate
	function animate()
	{
		render(); 
		controls.update();
		requestAnimationFrame( animate );
	}
	
	//render
	function render() {
		//renderer.setSize( SCREEN_WIDTH, SCREEN_HEIGHT );
		renderer.render( scene, camera );
	}

	//Application Functions
	//=====================
		
	//startGame
	function startGame(){
	 	bp.event('StartGame');
	 	bp.event('TimeTick');
	}

	//moveWest
	function moveWest(){
		bp.event('BtnWest');
	}

	//moveSouth
	function moveSouth(){
		bp.event('BtnSouth');
	}

	//moveEast
	function moveEast(){
		bp.event('BtnEast');
	}

	//moveNorth
	function moveNorth(){
		bp.event('BtnNorth');
	}

	//moveUp
	function moveUp(){
		bp.event('BtnUp');
	}

	// =================	
	// === Actuators ===
	// =================
		
	//rocketEastActuator
	function rocketEastActuator() 
	{
	    while (true){
	        yield({ wait: ['RocketEast'] });
	        
	        //Away
	        if (rocketX-rocketWidth/2 <= westWall+wallThickness/2){
	        	trigger('RocketAwayFromWestWall'); 
	        }

	        rocket.position.x=(rocketX+=step);

	        //Touch
	        if ((rocketX+rocketWidth/2) >= (eastWall-wallThickness/2)){
	        	trigger('RocketTouchedEastWall');
	        }	        
	    }
	}

	//rocketNorthActuator
	function rocketNorthActuator() 
	{
	    while (true){
	        yield({ wait: ['RocketNorth'] });
	        
	        //Away
	        if (rocketY-rocketWidth/2 <= southWall+wallThickness/2){
	        	trigger('RocketAwayFromSouthWall'); 
	        }

	        rocket.position.y=(rocketY+=step);

	        //Touch
	        if ((rocketY+rocketWidth/2) >= (northWall-wallThickness/2)){
	        	trigger('RocketTouchedNorthWall');
	        }	        
	    }
	}

	//rocketWestActuator
	function rocketWestActuator() 
	{
	    while (true){
	        yield({ wait: ['RocketWest'] });
	        
	        //Away
	        if (rocketX+rocketWidth/2 >= eastWall - wallThickness/2){
	        	trigger('RocketAwayFromEastWall'); 
	        }
	        rocket.position.x=(rocketX-=step);
	        
	        //Touch
			if (rocketX-rocketWidth/2 <= (westWall+wallThickness/2)){
				trigger('RocketTouchedWestWall');
			}
	    }
	}

	//rocketSouthActuator
	function rocketSouthActuator() 
	{
	    while (true){
	        yield({ wait: ['RocketSouth'] });
	        
	        //Away
	        if (rocketY+rocketWidth/2 >= northWall - wallThickness/2){
	        	trigger('RocketAwayFromNorthWall'); 
	        }
	        rocket.position.y=(rocketY-=step);
	        
	        //Touch
			if (rocketY-rocketWidth/2 <= (southWall+wallThickness/2)){
				trigger('RocketTouchedSouthWall');
			}
	    }
	}

	//rocketDownActuator
	function rocketDownActuator() 
	{
	    while (true){
	        yield({ wait: ['RocketDown'] });
	        rocket.position.z=(rocketZ-=step);
			//TouchDown
			if (  (rocketX==padX) && (rocketY==padY) && (rocketZ-rocketHeight/2 <= padZ+padHeight/2) )
			{
				trigger('TouchDown'); 
			}
			//Missed
			if ( ((rocketX!=padX) || (rocketY!=padY)) && (rocketZ-rocketHeight/2 <= padZ+padHeight/2))
			{
				trigger('Missed'); 
			}
	    }	    
	}

	//rocketUpActuator
	function rocketUpActuator() 
	{
	    while (true){
	        yield({ wait: ['RocketUp'] });
	        rocket.position.z=(rocketZ+=step);
	    }	    
	}

	//padEastActuator
	function padEastActuator() 
	{
	    while (true){
	        yield({ wait: ['PadEast'] });
	        trigger('PadEastEx');
	    }	    
	}

	//padNorthActuator
	function padNorthActuator() 
	{
	    while (true){
	        yield({ wait: ['PadNorth'] });
	        trigger('PadNorthEx');
	    }	    
	}
	
	//padWestActuator
	function padWestActuator() 
	{
	    while (true){
	        yield({ wait: ['PadWest'] });
	        trigger('PadWestEx');
	    }	    
	}

	//padSouthActuator
	function padSouthActuator() 
	{
	    while (true){
	        yield({ wait: ['PadSouth'] });
	        trigger('PadSouthEx');
	    }	    
	}
	
	//padEastExActuator
	function padEastExActuator() 
	{
	    while (true){
	        yield({ wait: ['PadEastEx'] });
	        landingBox.position.x=(padX+=step);
	    }	    
	}

	//padNorthExActuator
	function padNorthExActuator() 
	{
	    while (true){
	        yield({ wait: ['PadNorthEx'] });
	        landingBox.position.y=(padY+=step);
	    }	    
	}

	//padWestExActuator
	function padWestExActuator() 
	{
	    while (true){
	        yield({ wait: ['PadWestEx'] });
	        landingBox.position.x=(padX-=step);
	    }	    
	}

	//padSouthExActuator
	function padSouthExActuator() 
	{
	    while (true){
	        yield({ wait: ['PadSouthEx'] });
	        landingBox.position.y=(padY-=step);
	    }	    
	}

	//addActuators
	function addActuators()
	{
		bp.addBThread('rocketEastActuator', priority++, rocketEastActuator);
		bp.addBThread('rocketNorthActuator', priority++, rocketNorthActuator);
		bp.addBThread('rocketWestActuator', priority++, rocketWestActuator);
		bp.addBThread('rocketSouthActuator', priority++, rocketSouthActuator);
	
		bp.addBThread('rocketDownActuator', priority++, rocketDownActuator);
		bp.addBThread('rocketUpActuator', priority++, rocketUpActuator);
		
		bp.addBThread('padEastActuator', priority++, padEastActuator);
		bp.addBThread('padNorthActuator', priority++, padNorthActuator);		
		bp.addBThread('padWestActuator', priority++, padWestActuator);
		bp.addBThread('padSouthActuator', priority++, padSouthActuator);
		bp.addBThread('padEastExActuator', priority++, padEastExActuator);
		bp.addBThread('padNorthExActuator', priority++, padNorthExActuator);
		bp.addBThread('padWestExActuator', priority++, padWestExActuator);
		bp.addBThread('padSouthExActuator', priority++, padSouthExActuator);
	}
	
	
</script>

<p>  &nbsp; &nbsp; &nbsp; &nbsp; &nbsp; &nbsp; &nbsp; 
	<input value='^ North' 
		type="button"
		onclick="moveNorth();" 
		style="position:relative;background-color:LightPink;"
	/> 
</p>

<p>
	<input value='< West' 
		type="button"
		onclick="moveWest();" 
		style="position:relative;background-color:LightPink;"
	/> 

	<input value="UP"               
		type="button"
		style="position:relative;background-color:LightPink;" 
		onclick="moveUp();"
	/>
	 
	<input value='East >'
		type="button"
		onclick="moveEast();"  
		style="position:relative;background-color:LightPink;" 
	/> 

&nbsp; &nbsp; 

	<input value="StartGame"
		type="button" 
		onclick="startGame();"
		style="position:relative;background-color:LightPink;" 
	/> 

	<input value='Status:     Playing       '
		type="button"              
		when_DisplayWin ="value='Status: *** Successful*** ';alert(' !!! You Won   !!! ');" 
		when_DisplayLose="value='Status: !!! Game Lost !!! ';alert(' !!! Game Lost !!! ');" 
		style="position:relative;background-color:LightPink;" 
	/> 

	<input value="TIME=0"
		type="button"
		when_TimeTick=   "value='TIME='+(++mytime);triggerNextTimeTick();"
		when_GameOver=   "tickdelay=1000000"
		style="position:relative;background-color:LightPink;" 
	/> 
  
</p>

<p>  &nbsp; &nbsp; &nbsp; &nbsp; &nbsp; &nbsp; &nbsp; 
	<input value='v South' 
		type="button"
		onclick="moveSouth();" 
		style="position:relative;background-color:LightPink;"
	/> 
</p>
//--></htmltext><projectblocks>//<!--custom = {};

//  4 Direction BUTTONS 
custom.bp_event_BtnNorth = {
  helpUrl: 'http://www.example.com/',
  init: function() {
    this.setColour(290);
    this.appendDummyInput()
        .appendTitle("BtnNorth");
    this.setOutput(true, 'event');
    this.setTooltip('');
  }
};

Blockly.JavaScript.bp_event_BtnNorth = function () {
    return ['"BtnNorth"', Blockly.JavaScript.ORDER_NONE];
};

custom.bp_event_BtnSouth = {
  helpUrl: 'http://www.example.com/',
  init: function() {
    this.setColour(290);
    this.appendDummyInput()
        .appendTitle("BtnSouth");
    this.setOutput(true, 'event');
    this.setTooltip('');
  }
};

Blockly.JavaScript.bp_event_BtnSouth = function () {
    return ['"BtnSouth"', Blockly.JavaScript.ORDER_NONE];
};

custom.bp_event_BtnEast = {
  helpUrl: 'http://www.example.com/',
  init: function() {
    this.setColour(290);
    this.appendDummyInput()
        .appendTitle("BtnEast");
    this.setOutput(true, 'event');
    this.setTooltip('');
  }
};

Blockly.JavaScript.bp_event_BtnEast = function () {
    return ['"BtnEast"', Blockly.JavaScript.ORDER_NONE];
};

custom.bp_event_BtnWest = {
  helpUrl: 'http://www.example.com/',
  init: function() {
    this.setColour(290);
    this.appendDummyInput()
        .appendTitle("BtnWest");
    this.setOutput(true, 'event');
    this.setTooltip('');
  }
};

Blockly.JavaScript.bp_event_BtnWest = function () {
    return ['"BtnWest"', Blockly.JavaScript.ORDER_NONE];
};

//   Other BUTTONS 

custom.bp_event_BtnUp = {
  helpUrl: 'http://www.example.com/',
  init: function() {
    this.setColour(290);
    this.appendDummyInput()
        .appendTitle("BtnUp");
    this.setOutput(true, 'event');
    this.setTooltip('');
  }
};

Blockly.JavaScript.bp_event_BtnUp = function () {
    return ['"BtnUp"', Blockly.JavaScript.ORDER_NONE];
};

custom.bp_event_BtnStart = {
  helpUrl: 'http://www.example.com/',
  init: function() {
    this.setColour(290);
    this.appendDummyInput()
        .appendTitle("BtnStart");
    this.setOutput(true, 'event');
    this.setTooltip('');
  }
};

Blockly.JavaScript.bp_event_BtnStart = function () {
    return ['"BtnStart"', Blockly.JavaScript.ORDER_NONE];
};

//   Time tick 

custom.bp_event_TimeTick = {
  helpUrl: 'http://www.example.com/',
  init: function() {
    this.setColour(290);
    this.appendDummyInput()
        .appendTitle("TimeTick");
    this.setOutput(true, 'event');
    this.setTooltip('');
  }
};

Blockly.JavaScript.bp_event_TimeTick = function () {
    return ['"TimeTick"', Blockly.JavaScript.ORDER_NONE];
};

//    Rocket Moves 
custom.bp_event_RocketNorth = {
  helpUrl: 'http://www.example.com/',
  init: function() {
    this.setColour(290);
    this.appendDummyInput()
        .appendTitle("RocketNorth");
    this.setOutput(true, 'event');
    this.setTooltip('');
  }
};

Blockly.JavaScript.bp_event_RocketNorth = function () {
    return ['"RocketNorth"', Blockly.JavaScript.ORDER_NONE];
};

custom.bp_event_RocketSouth = {
  helpUrl: 'http://www.example.com/',
  init: function() {
    this.setColour(290);
    this.appendDummyInput()
        .appendTitle("RocketSouth");
    this.setOutput(true, 'event');
    this.setTooltip('');
  }
};

Blockly.JavaScript.bp_event_RocketSouth = function () {
    return ['"RocketSouth"', Blockly.JavaScript.ORDER_NONE];
};

custom.bp_event_RocketEast = {
  helpUrl: 'http://www.example.com/',
  init: function() {
    this.setColour(290);
    this.appendDummyInput()
        .appendTitle("RocketEast");
    this.setOutput(true, 'event');
    this.setTooltip('');
  }
};

Blockly.JavaScript.bp_event_RocketEast = function () {
    return ['"RocketEast"', Blockly.JavaScript.ORDER_NONE];
};

custom.bp_event_RocketWest = {
  helpUrl: 'http://www.example.com/',
  init: function() {
    this.setColour(290);
    this.appendDummyInput()
        .appendTitle("RocketWest");
    this.setOutput(true, 'event');
    this.setTooltip('');
  }
};

Blockly.JavaScript.bp_event_RocketWest = function () {
    return ['"RocketWest"', Blockly.JavaScript.ORDER_NONE];
};

custom.bp_event_RocketDown = {
  helpUrl: 'http://www.example.com/',
  init: function() {
    this.setColour(290);
    this.appendDummyInput()
        .appendTitle("RocketDown");
    this.setOutput(true, 'event');
    this.setTooltip('');
  }
};

Blockly.JavaScript.bp_event_RocketDown = function () {
    return ['"RocketDown"', Blockly.JavaScript.ORDER_NONE];
};

//  Pad Moves 
custom.bp_event_PadNorth = {
  helpUrl: 'http://www.example.com/',
  init: function() {
    this.setColour(290);
    this.appendDummyInput()
        .appendTitle("PadNorth");
    this.setOutput(true, 'event');
    this.setTooltip('');
  }
};

Blockly.JavaScript.bp_event_PadNorth = function () {
    return ['"PadNorth"', Blockly.JavaScript.ORDER_NONE];
};

custom.bp_event_PadSouth = {
  helpUrl: 'http://www.example.com/',
  init: function() {
    this.setColour(290);
    this.appendDummyInput()
        .appendTitle("PadSouth");
    this.setOutput(true, 'event');
    this.setTooltip('');
  }
};

Blockly.JavaScript.bp_event_PadSouth = function () {
    return ['"PadSouth"', Blockly.JavaScript.ORDER_NONE];
};


custom.bp_event_PadEast = {
  helpUrl: 'http://www.example.com/',
  init: function() {
    this.setColour(290);
    this.appendDummyInput()
        .appendTitle("PadEast");
    this.setOutput(true, 'event');
    this.setTooltip('');
  }
};

Blockly.JavaScript.bp_event_PadEast = function () {
    return ['"PadEast"', Blockly.JavaScript.ORDER_NONE];
};

custom.bp_event_PadWest = {
  helpUrl: 'http://www.example.com/',
  init: function() {
    this.setColour(290);
    this.appendDummyInput()
        .appendTitle("PadWest");
    this.setOutput(true, 'event');
    this.setTooltip('');
  }
};

Blockly.JavaScript.bp_event_PadWest = function () {
    return ['"PadWest"', Blockly.JavaScript.ORDER_NONE];
};

//  Pad Moves - execution 
custom.bp_event_PadNorthEx = {
  helpUrl: 'http://www.example.com/',
  init: function() {
    this.setColour(290);
    this.appendDummyInput()
        .appendTitle("PadNorthEx");
    this.setOutput(true, 'event');
    this.setTooltip('');
  }
};

Blockly.JavaScript.bp_event_PadNorthEx = function () {
    return ['"PadNorthEx"', Blockly.JavaScript.ORDER_NONE];
};

custom.bp_event_PadSouthEx = {
  helpUrl: 'http://www.example.com/',
  init: function() {
    this.setColour(290);
    this.appendDummyInput()
        .appendTitle("PadSouthEx");
    this.setOutput(true, 'event');
    this.setTooltip('');
  }
};

Blockly.JavaScript.bp_event_PadSouthEx = function () {
    return ['"PadSouthEx"', Blockly.JavaScript.ORDER_NONE];
};


custom.bp_event_PadEastEx = {
  helpUrl: 'http://www.example.com/',
  init: function() {
    this.setColour(290);
    this.appendDummyInput()
        .appendTitle("PadEastEx");
    this.setOutput(true, 'event');
    this.setTooltip('');
  }
};

Blockly.JavaScript.bp_event_PadEastEx = function () {
    return ['"PadEastEx"', Blockly.JavaScript.ORDER_NONE];
};


custom.bp_event_PadWestEx = {
  helpUrl: 'http://www.example.com/',
  init: function() {
    this.setColour(290);
    this.appendDummyInput()
        .appendTitle("PadWestEx");
    this.setOutput(true, 'event');
    this.setTooltip('');
  }
};

Blockly.JavaScript.bp_event_PadWestEx = function () {
    return ['"PadWestEx"', Blockly.JavaScript.ORDER_NONE];
};

//  Game

custom.bp_event_Missed = {
  helpUrl: 'http://www.example.com/',
  init: function() {
    this.setColour(290);
    this.appendDummyInput()
        .appendTitle("Missed");
    this.setOutput(true, 'event');
    this.setTooltip('');
  }
};

Blockly.JavaScript.bp_event_Missed = function () {
    return ['"Missed"', Blockly.JavaScript.ORDER_NONE];
};

custom.bp_event_Touchdown = {
  helpUrl: 'http://www.example.com/',
  init: function() {
    this.setColour(290);
    this.appendDummyInput()
        .appendTitle("Touchdown");
    this.setOutput(true, 'event');
    this.setTooltip('');
  }
};

Blockly.JavaScript.bp_event_Touchdown = function () {
    return ['"Touchdown"', Blockly.JavaScript.ORDER_NONE];
};


custom.bp_event_GameOver = {
  helpUrl: 'http://www.example.com/',
  init: function() {
    this.setColour(290);
    this.appendDummyInput()
        .appendTitle("GameOver");
    this.setOutput(true, 'event');
    this.setTooltip('');
  }
};

Blockly.JavaScript.bp_event_GameOver = function () {
    return ['"GameOver"', Blockly.JavaScript.ORDER_NONE];
};

custom.bp_event_DisplayLose = {
  helpUrl: 'http://www.example.com/',
  init: function() {
    this.setColour(290);
    this.appendDummyInput()
        .appendTitle("DisplayLose");
    this.setOutput(true, 'event');
    this.setTooltip('');
  }
};

Blockly.JavaScript.bp_event_DisplayLose = function () {
    return ['"DisplayLose"', Blockly.JavaScript.ORDER_NONE];
};

// touching walls 
custom.bp_event_RocketTouchedNorthWall = {
  helpUrl: 'http://www.example.com/',
  init: function() {
    this.setColour(290);
    this.appendDummyInput()
        .appendTitle("RocketTouchedNorthWall");
    this.setOutput(true, 'event');
    this.setTooltip('');
  }
};

Blockly.JavaScript.bp_event_RocketTouchedNorthWall = function () {
    return ['"RocketTouchedNorthWall"', Blockly.JavaScript.ORDER_NONE];
};


custom.bp_event_RocketTouchedSouthWall = {
  helpUrl: 'http://www.example.com/',
  init: function() {
    this.setColour(290);
    this.appendDummyInput()
        .appendTitle("RocketTouchedSouthWall");
    this.setOutput(true, 'event');
    this.setTooltip('');
  }
};

Blockly.JavaScript.bp_event_RocketTouchedSouthWall = function () {
    return ['"RocketTouchedSouthWall"', Blockly.JavaScript.ORDER_NONE];
};

custom.bp_event_RocketTouchedEastWall = {
  helpUrl: 'http://www.example.com/',
  init: function() {
    this.setColour(290);
    this.appendDummyInput()
        .appendTitle("RocketTouchedEastWall");
    this.setOutput(true, 'event');
    this.setTooltip('');
  }
};

Blockly.JavaScript.bp_event_RocketTouchedEastWall = function () {
    return ['"RocketTouchedEastWall"', Blockly.JavaScript.ORDER_NONE];
};

custom.bp_event_RocketTouchedWestWall = {
  helpUrl: 'http://www.example.com/',
  init: function() {
    this.setColour(290);
    this.appendDummyInput()
        .appendTitle("RocketTouchedWestWall");
    this.setOutput(true, 'event');
    this.setTooltip('');
  }
};

Blockly.JavaScript.bp_event_RocketTouchedWestWall = function () {
    return ['"RocketTouchedWestWall"', Blockly.JavaScript.ORDER_NONE];
};

//  Away from wall
custom.bp_event_RocketAwayFromNorthWall = {
  helpUrl: 'http://www.example.com/',
  init: function() {
    this.setColour(290);
    this.appendDummyInput()
        .appendTitle("RocketAwayFromNorthWall");
    this.setOutput(true, 'event');
    this.setTooltip('');
  }
};

Blockly.JavaScript.bp_event_RocketAwayFromNorthWall = function () {
    return ['"RocketAwayFromNorthWall"', Blockly.JavaScript.ORDER_NONE];
};


custom.bp_event_RocketAwayFromSouthWall = {
  helpUrl: 'http://www.example.com/',
  init: function() {
    this.setColour(290);
    this.appendDummyInput()
        .appendTitle("RocketAwayFromSouthWall");
    this.setOutput(true, 'event');
    this.setTooltip('');
  }
};

Blockly.JavaScript.bp_event_RocketAwayFromSouthWall = function () {
    return ['"RocketAwayFromSouthWall"', Blockly.JavaScript.ORDER_NONE];
};

custom.bp_event_RocketAwayFromEastWall = {
  helpUrl: 'http://www.example.com/',
  init: function() {
    this.setColour(290);
    this.appendDummyInput()
        .appendTitle("RocketAwayFromEastWall");
    this.setOutput(true, 'event');
    this.setTooltip('');
  }
};

Blockly.JavaScript.bp_event_RocketAwayFromEastWall = function () {
    return ['"RocketAwayFromEastWall"', Blockly.JavaScript.ORDER_NONE];
};

custom.bp_event_RocketAwayFromWestWall = {
  helpUrl: 'http://www.example.com/',
  init: function() {
    this.setColour(290);
    this.appendDummyInput()
        .appendTitle("RocketAwayFromWestWall");
    this.setOutput(true, 'event');
    this.setTooltip('');
  }
};

Blockly.JavaScript.bp_event_RocketAwayFromWestWall = function () {
    return ['"RocketAwayFromWestWall"', Blockly.JavaScript.ORDER_NONE];
};

custom.bp_event_StopBtnN = {
  helpUrl: 'http://www.example.com/',
  init: function() {
    this.setColour(290);
    this.appendDummyInput()
        .appendTitle("StopBtnN");
    this.setOutput(true, 'event');
    this.setTooltip('');
  }
};

Blockly.JavaScript.bp_event_StopBtnN = function () {
    return ['"StopBtnN"', Blockly.JavaScript.ORDER_NONE];
};

custom.bp_event_StopBtnS = {
  helpUrl: 'http://www.example.com/',
  init: function() {
    this.setColour(290);
    this.appendDummyInput()
        .appendTitle("StopBtnS");
    this.setOutput(true, 'event');
    this.setTooltip('');
  }
};

Blockly.JavaScript.bp_event_StopBtnS = function () {
    return ['"StopBtnS"', Blockly.JavaScript.ORDER_NONE];
};

custom.bp_event_StopBtnE = {
  helpUrl: 'http://www.example.com/',
  init: function() {
    this.setColour(290);
    this.appendDummyInput()
        .appendTitle("StopBtnE");
    this.setOutput(true, 'event');
    this.setTooltip('');
  }
};

Blockly.JavaScript.bp_event_StopBtnE = function () {
    return ['"StopBtnE"', Blockly.JavaScript.ORDER_NONE];
};

custom.bp_event_StopBtnW = {
  helpUrl: 'http://www.example.com/',
  init: function() {
    this.setColour(290);
    this.appendDummyInput()
        .appendTitle("StopBtnW");
    this.setOutput(true, 'event');
    this.setTooltip('');
  }
};

Blockly.JavaScript.bp_event_StopBtnW = function () {
    return ['"StopBtnW"', Blockly.JavaScript.ORDER_NONE];
};

custom.bp_event_TouchDown = {
  helpUrl: 'http://www.example.com/',
  init: function() {
    this.setColour(290);
    this.appendDummyInput()
        .appendTitle("TouchDown");
    this.setOutput(true, 'event');
    this.setTooltip('');
  }
};

Blockly.JavaScript.bp_event_TouchDown = function () {
    return ['"TouchDown"', Blockly.JavaScript.ORDER_NONE];
};



custom.bp_event_Missed = {
  helpUrl: 'http://www.example.com/',
  init: function() {
    this.setColour(290);
    this.appendDummyInput()
        .appendTitle("Missed");
    this.setOutput(true, 'event');
    this.setTooltip('');
  }
};

Blockly.JavaScript.bp_event_Missed = function () {
    return ['"Missed"', Blockly.JavaScript.ORDER_NONE];
};

custom.bp_event_DisplayWin = {
  helpUrl: 'http://www.example.com/',
  init: function() {
    this.setColour(290);
    this.appendDummyInput()
        .appendTitle("DisplayWin");
    this.setOutput(true, 'event');
    this.setTooltip('');
  }
};

Blockly.JavaScript.bp_event_DisplayWin = function () {
    return ['"DisplayWin"', Blockly.JavaScript.ORDER_NONE];
};


custom.bp_event_DisplayLose = {
  helpUrl: 'http://www.example.com/',
  init: function() {
    this.setColour(290);
    this.appendDummyInput()
        .appendTitle("DisplayLose");
    this.setOutput(true, 'event');
    this.setTooltip('');
  }
};

Blockly.JavaScript.bp_event_DisplayLose= function () {
    return ['"DisplayLose"', Blockly.JavaScript.ORDER_NONE];
};

custom.bp_event_GameOver = {
  helpUrl: 'http://www.example.com/',
  init: function() {
    this.setColour(290);
    this.appendDummyInput()
        .appendTitle("GameOver");
    this.setOutput(true, 'event');
    this.setTooltip('');
  }
};

Blockly.JavaScript.bp_event_GameOver = function () {
    return ['"GameOver"', Blockly.JavaScript.ORDER_NONE];
};


custom.bp_event_Forever = {
  helpUrl: 'http://www.example.com/',
  init: function() {
    this.setColour(290);
    this.appendDummyInput()
        .appendTitle("Forever");
    this.setOutput(true, 'event');
    this.setTooltip('');
  }
};

Blockly.JavaScript.bp_event_Forever = function () {
    return ['"Forever"', Blockly.JavaScript.ORDER_NONE];
};



//--></projectblocks></xml>